{"length":5.0,"velocity":-2.396232777657424,"gravity":9.81,"angle":0.00966386979353373,"dt":0.015,"initialAngle":0.7853981633974483,"initialVelocity":0.0}